1,56.24911,-16.58408,28.83417,0,0,0,0,0,0,0,0,0,0,0,0,0,0,0,0
1,56.24911,-16.58408,28.83417,2,55.30907,-70.86121,-8.621487,0,0,0,0,3,60.24289,46.42471,-125.9276,0,0,0,0
1,56.24911,-16.58408,28.83417,2,55.30907,-70.86121,-8.621487,4,54.27449,23.22699,-32.00012,3,60.24289,46.42471,-125.9276,0,0,0,0
1,56.24911,-16.58408,28.83417,2,55.30907,-70.86121,-8.621487,4,54.27449,23.22699,-32.00012,3,60.24289,46.42471,-125.9276,5,60.27965,-60.83852,51.25923
1,60.08805,21.61674,-84.97611,2,55.30907,-70.86121,-8.621487,4,54.27449,23.22699,-32.00012,3,60.24289,46.42471,-125.9276,5,60.27965,-60.83852,51.25923
1,60.08805,21.61674,-84.97611,2,56.24053,-65.0788,-143.0853,4,54.27449,23.22699,-32.00012,3,55.29587,-9.975386,44.31467,5,60.27965,-60.83852,51.25923
1,60.08805,21.61674,-84.97611,2,56.24053,-65.0788,-143.0853,4,60.15882,5.35468,-46.13588,3,55.29587,-9.975386,44.31467,5,60.27965,-60.83852,51.25923
1,56.59206,-56.04752,105.5691,2,56.24053,-65.0788,-143.0853,4,60.15882,5.35468,-46.13588,3,55.29587,-9.975386,44.31467,5,55.74458,13.52081,-96.26672
1,56.59206,-56.04752,105.5691,2,60.03885,-68.58717,-63.17603,4,60.15882,5.35468,-46.13588,3,55.29587,-9.975386,44.31467,5,55.74458,13.52081,-96.26672
1,56.59206,-56.04752,105.5691,2,60.03885,-68.58717,-63.17603,4,60.15882,5.35468,-46.13588,3,54.96234,32.84885,154.0048,5,55.74458,13.52081,-96.26672
1,56.59206,-56.04752,105.5691,2,60.03885,-68.58717,-63.17603,4,54.55745,9.276384,61.13,3,54.96234,32.84885,154.0048,5,55.74458,13.52081,-96.26672
1,56.59206,-56.04752,105.5691,2,60.03885,-68.58717,-63.17603,4,54.55745,9.276384,61.13,3,54.96234,32.84885,154.0048,5,57.97579,-62.81696,-51.59372
1,55.20499,3.06456,52.53488,2,60.03885,-68.58717,-63.17603,4,54.55745,9.276384,61.13,3,54.96234,32.84885,154.0048,5,57.97579,-62.81696,-51.59372
1,55.20499,3.06456,52.53488,2,57.06881,-30.08074,25.97018,4,54.55745,9.276384,61.13,3,54.39392,-5.175909,-48.05483,5,57.97579,-62.81696,-51.59372
1,55.20499,3.06456,52.53488,2,57.06881,-30.08074,25.97018,4,54.29224,-21.40527,-172.0359,3,54.39392,-5.175909,-48.05483,5,57.97579,-62.81696,-51.59372
1,55.44137,-56.93039,-91.59964,2,57.06881,-30.08074,25.97018,4,54.29224,-21.40527,-172.0359,3,54.39392,-5.175909,-48.05483,5,58.1853,-10.46717,-0.9873592
1,55.44137,-56.93039,-91.59964,2,56.06517,-18.7254,36.58564,4,54.29224,-21.40527,-172.0359,3,54.39392,-5.175909,-48.05483,5,58.1853,-10.46717,-0.9873592
1,55.44137,-56.93039,-91.59964,2,56.06517,-18.7254,36.58564,4,54.29224,-21.40527,-172.0359,3,55.63293,76.31786,81.8249,5,58.1853,-10.46717,-0.9873592
1,55.44137,-56.93039,-91.59964,2,56.06517,-18.7254,36.58564,4,60.16233,-30.03647,-127.3649,3,55.63293,76.31786,81.8249,5,58.1853,-10.46717,-0.9873592
1,54.6842,-32.2074,118.8136,2,56.06517,-18.7254,36.58564,4,60.16233,-30.03647,-127.3649,3,55.63293,76.31786,81.8249,5,58.93081,28.24712,-44.74224
1,54.6842,-32.2074,118.8136,2,57.40527,-13.61016,92.89655,4,60.16233,-30.03647,-127.3649,3,55.63293,76.31786,81.8249,5,58.93081,28.24712,-44.74224
1,54.6842,-32.2074,118.8136,2,57.40527,-13.61016,92.89655,4,60.16233,-30.03647,-127.3649,3,54.75651,-22.0691,178.4139,5,58.93081,28.24712,-44.74224
1,54.6842,-32.2074,118.8136,2,57.40527,-13.61016,92.89655,4,54.17302,29.26639,-24.10886,3,54.75651,-22.0691,178.4139,5,58.93081,28.24712,-44.74224
1,54.6842,-32.2074,118.8136,2,57.40527,-13.61016,92.89655,4,54.17302,29.26639,-24.10886,3,54.75651,-22.0691,178.4139,5,57.819,-69.31349,-38.86392
1,55.60582,-28.62172,-42.7305,2,57.40527,-13.61016,92.89655,4,54.17302,29.26639,-24.10886,3,54.75651,-22.0691,178.4139,5,57.819,-69.31349,-38.86392
1,55.60582,-28.62172,-42.7305,2,55.19899,1.175555,-133.0343,4,54.74791,18.88627,66.53355,3,59.48201,61.08,-132.0281,5,57.819,-69.31349,-38.86392
1,55.60582,-28.62172,-42.7305,2,55.19899,1.175555,-133.0343,4,54.74791,18.88627,66.53355,3,59.48201,61.08,-132.0281,5,59.82188,-24.60787,-62.50342
1,54.30713,-39.55894,-159.6095,2,55.19899,1.175555,-133.0343,4,54.74791,18.88627,66.53355,3,59.48201,61.08,-132.0281,5,59.82188,-24.60787,-62.50342
1,54.30713,-39.55894,-159.6095,2,60.00703,23.40339,79.7377,4,54.74791,18.88627,66.53355,3,59.48201,61.08,-132.0281,5,59.82188,-24.60787,-62.50342
1,54.30713,-39.55894,-159.6095,2,60.00703,23.40339,79.7377,4,54.74791,18.88627,66.53355,3,54.91301,7.428012,136.3775,5,59.82188,-24.60787,-62.50342
1,54.30713,-39.55894,-159.6095,2,60.00703,23.40339,79.7377,4,54.45969,-24.23905,166.0517,3,54.91301,7.428012,136.3775,5,59.82188,-24.60787,-62.50342
1,56.49445,-25.02919,39.04284,2,60.00703,23.40339,79.7377,4,54.45969,-24.23905,166.0517,3,54.91301,7.428012,136.3775,5,60.04092,-79.14294,109.4011
1,56.49445,-25.02919,39.04284,2,57.94772,-41.8735,53.68536,4,54.45969,-24.23905,166.0517,3,54.91301,7.428012,136.3775,5,60.04092,-79.14294,109.4011
1,56.49445,-25.02919,39.04284,2,57.94772,-41.8735,53.68536,4,54.45969,-24.23905,166.0517,3,59.14499,63.61703,-154.9755,5,60.04092,-79.14294,109.4011
1,56.49445,-25.02919,39.04284,2,57.94772,-41.8735,53.68536,4,60.13796,3.7347,-97.29343,3,59.14499,63.61703,-154.9755,5,60.43521,-57.98083,133.363
1,54.25235,-8.418642,-62.33657,2,57.94772,-41.8735,53.68536,4,60.13796,3.7347,-97.29343,3,59.14499,63.61703,-154.9755,5,60.43521,-57.98083,133.363
1,54.25235,-8.418642,-62.33657,2,59.91004,-27.18827,-10.80235,4,60.13796,3.7347,-97.29343,3,54.87095,19.4156,150.9279,5,60.43521,-57.98083,133.363
1,54.25235,-8.418642,-62.33657,2,59.91004,-27.18827,-10.80235,4,54.95304,17.30741,43.62898,3,54.87095,19.4156,150.9279,5,60.43521,-57.98083,133.363
1,54.25235,-8.418642,-62.33657,2,59.91004,-27.18827,-10.80235,4,54.95304,17.30741,43.62898,3,54.87095,19.4156,150.9279,5,59.3406,-29.46294,26.7899
1,56.36895,-75.46865,156.6801,2,59.91004,-27.18827,-10.80235,4,54.95304,17.30741,43.62898,3,54.87095,19.4156,150.9279,5,59.3406,-29.46294,26.7899
1,56.36895,-75.46865,156.6801,2,58.78605,-50.03242,120.3646,4,54.95304,17.30741,43.62898,3,54.87095,19.4156,150.9279,5,59.3406,-29.46294,26.7899
1,56.36895,-75.46865,156.6801,2,58.78605,-50.03242,120.3646,4,54.95304,17.30741,43.62898,3,57.53706,67.27552,161.2035,5,59.3406,-29.46294,26.7899
1,56.36895,-75.46865,156.6801,2,58.78605,-50.03242,120.3646,4,55.08817,-48.64291,156.6496,3,57.53706,67.27552,161.2035,5,59.3406,-29.46294,26.7899
1,55.20597,-12.73003,43.63337,2,58.78605,-50.03242,120.3646,4,55.08817,-48.64291,156.6496,3,57.53706,67.27552,161.2035,5,58.68285,-16.55504,-48.30793
1,55.20597,-12.73003,43.63337,2,58.52636,-59.33418,65.13901,4,55.08817,-48.64291,156.6496,3,54.30653,28.5472,-155.3297,5,58.68285,-16.55504,-48.30793
1,55.20597,-12.73003,43.63337,2,58.52636,-59.33418,65.13901,4,60.24668,-7.252568,-91.40629,3,54.30653,28.5472,-155.3297,5,58.68285,-16.55504,-48.30793
1,55.20597,-12.73003,43.63337,2,58.52636,-59.33418,65.13901,4,60.24668,-7.252568,-91.40629,3,54.30653,28.5472,-155.3297,5,58.65615,-53.73071,-30.15692
1,55.46851,-57.44794,-110.7237,2,58.52636,-59.33418,65.13901,4,60.24668,-7.252568,-91.40629,3,54.30653,28.5472,-155.3297,5,58.65615,-53.73071,-30.15692
1,55.46851,-57.44794,-110.7237,2,55.59327,-41.47926,-130.607,4,60.24668,-7.252568,-91.40629,3,56.34553,47.64508,167.2195,5,58.65615,-53.73071,-30.15692
1,55.46851,-57.44794,-110.7237,2,55.59327,-41.47926,-130.607,4,60.29295,3.654118,-31.0597,3,56.34553,47.64508,167.2195,5,58.65615,-53.73071,-30.15692
1,55.46851,-57.44794,-110.7237,2,55.59327,-41.47926,-130.607,4,60.29295,3.654118,-31.0597,3,56.34553,47.64508,167.2195,5,60.28854,-71.80829,99.77403
1,55.37901,-26.01731,61.91353,2,55.59327,-41.47926,-130.607,4,60.29295,3.654118,-31.0597,3,56.34553,47.64508,167.2195,5,60.28854,-71.80829,99.77403
1,55.37901,-26.01731,61.91353,2,56.62593,-0.6550947,13.44583,4,60.29295,3.654118,-31.0597,3,56.34553,47.64508,167.2195,5,60.28854,-71.80829,99.77403
1,55.37901,-26.01731,61.91353,2,56.62593,-0.6550947,13.44583,4,55.13076,1.057518,89.15495,3,60.00692,67.49928,-105.0905,5,60.28854,-71.80829,99.77403
1,55.59298,-32.79322,-53.55988,2,56.62593,-0.6550947,13.44583,4,55.13076,1.057518,89.15495,3,60.00692,67.49928,-105.0905,5,59.97433,-26.5465,71.51979
1,55.59298,-32.79322,-53.55988,2,56.73528,20.27904,59.04189,4,55.13076,1.057518,89.15495,3,60.00692,67.49928,-105.0905,5,59.97433,-26.5465,71.51979
1,55.59298,-32.79322,-53.55988,2,56.73528,20.27904,59.04189,4,55.13076,1.057518,89.15495,3,55.25755,53.0289,-147.4917,5,59.97433,-26.5465,71.51979
1,55.59298,-32.79322,-53.55988,2,56.73528,20.27904,59.04189,4,54.32467,-32.78402,-141.6482,3,55.25755,53.0289,-147.4917,5,59.97433,-26.5465,71.51979
1,55.59298,-32.79322,-53.55988,2,56.73528,20.27904,59.04189,4,54.32467,-32.78402,-141.6482,3,55.25755,53.0289,-147.4917,5,60.29528,-40.76508,24.95863
1,55.55677,-60.31882,124.9272,2,56.73528,20.27904,59.04189,4,54.32467,-32.78402,-141.6482,3,55.25755,53.0289,-147.4917,5,60.29528,-40.76508,24.95863
1,55.55677,-60.31882,124.9272,2,56.51683,-55.20037,-152.5746,4,54.32467,-32.78402,-141.6482,3,55.60175,58.99813,105.7128,5,60.29528,-40.76508,24.95863
1,55.55677,-60.31882,124.9272,2,56.51683,-55.20037,-152.5746,4,60.04072,-59.9999,-88.2451,3,55.60175,58.99813,105.7128,5,60.29528,-40.76508,24.95863
1,55.55677,-60.31882,124.9272,2,56.51683,-55.20037,-152.5746,4,60.04072,-59.9999,-88.2451,3,55.60175,58.99813,105.7128,5,57.31921,-19.54126,-40.27711
1,55.9559,-19.17005,-33.09582,2,55.97671,-10.63896,-122.2156,4,60.04072,-59.9999,-88.2451,3,55.60175,58.99813,105.7128,5,57.31921,-19.54126,-40.27711
1,55.9559,-19.17005,-33.09582,2,55.97671,-10.63896,-122.2156,4,60.04072,-59.9999,-88.2451,3,58.93541,73.75104,167.5195,5,57.31921,-19.54126,-40.27711
1,55.9559,-19.17005,-33.09582,2,55.97671,-10.63896,-122.2156,4,54.45519,24.85829,-21.72184,3,58.93541,73.75104,167.5195,5,57.31921,-19.54126,-40.27711
1,55.43462,-74.06606,155.2937,2,55.97671,-10.63896,-122.2156,4,54.45519,24.85829,-21.72184,3,58.93541,73.75104,167.5195,5,59.58286,-42.04855,26.3639
1,55.43462,-74.06606,155.2937,2,57.82368,-8.97369,-71.7355,4,54.45519,24.85829,-21.72184,3,58.93541,73.75104,167.5195,5,59.58286,-42.04855,26.3639
1,55.43462,-74.06606,155.2937,2,57.82368,-8.97369,-71.7355,4,54.45519,24.85829,-21.72184,3,54.52382,20.35043,-179.5043,5,59.58286,-42.04855,26.3639
1,55.43462,-74.06606,155.2937,2,57.82368,-8.97369,-71.7355,4,54.69048,-3.719355,39.19585,3,54.52382,20.35043,-179.5043,5,59.58286,-42.04855,26.3639
1,55.43462,-74.06606,155.2937,2,57.82368,-8.97369,-71.7355,4,54.69048,-3.719355,39.19585,3,54.52382,20.35043,-179.5043,5,56.48117,-51.79067,62.24139
1,56.21383,-11.81082,-28.31078,2,57.82368,-8.97369,-71.7355,4,54.69048,-3.719355,39.19585,3,54.52382,20.35043,-179.5043,5,56.48117,-51.79067,62.24139
1,56.21383,-11.81082,-28.31078,2,56.27652,-1.796704,19.45271,4,54.85482,22.85336,128.888,3,56.81034,62.25227,149.6593,5,56.48117,-51.79067,62.24139
1,56.21383,-11.81082,-28.31078,2,56.27652,-1.796704,19.45271,4,54.85482,22.85336,128.888,3,56.81034,62.25227,149.6593,5,59.82549,-53.95745,53.64217
1,56.30096,-64.02091,116.7592,2,56.27652,-1.796704,19.45271,4,54.85482,22.85336,128.888,3,56.81034,62.25227,149.6593,5,59.82549,-53.95745,53.64217
1,56.30096,-64.02091,116.7592,2,59.46758,-3.606841,92.70194,4,54.85482,22.85336,128.888,3,56.81034,62.25227,149.6593,5,59.82549,-53.95745,53.64217
1,56.30096,-64.02091,116.7592,2,59.46758,-3.606841,92.70194,4,54.85482,22.85336,128.888,3,60.25422,58.59943,-124.3329,5,59.82549,-53.95745,53.64217
1,56.30096,-64.02091,116.7592,2,59.46758,-3.606841,92.70194,4,60.2262,-22.67262,-120.3264,3,60.25422,58.59943,-124.3329,5,59.82549,-53.95745,53.64217
1,56.6205,10.25293,-70.45051,2,59.46758,-3.606841,92.70194,4,60.2262,-22.67262,-120.3264,3,60.25422,58.59943,-124.3329,5,58.58064,-70.71891,-64.0209
1,56.6205,10.25293,-70.45051,2,57.93913,-51.7094,65.5452,4,60.2262,-22.67262,-120.3264,3,60.25422,58.59943,-124.3329,5,58.58064,-70.71891,-64.0209
1,56.6205,10.25293,-70.45051,2,57.93913,-51.7094,65.5452,4,60.2262,-22.67262,-120.3264,3,55.48962,43.71507,179.4296,5,58.58064,-70.71891,-64.0209
1,56.6205,10.25293,-70.45051,2,57.93913,-51.7094,65.5452,4,60.22837,54.44906,-52.96919,3,55.48962,43.71507,179.4296,5,58.58064,-70.71891,-64.0209
1,56.88957,-58.82626,81.17625,2,57.93913,-51.7094,65.5452,4,60.22837,54.44906,-52.96919,3,55.48962,43.71507,179.4296,5,56.96833,72.05407,96.67292
1,56.88957,-58.82626,81.17625,2,54.52928,-73.48114,-90.33499,4,60.22837,54.44906,-52.96919,3,56.71449,81.10985,115.2689,5,56.96833,72.05407,96.67292
1,56.88957,-58.82626,81.17625,2,54.52928,-73.48114,-90.33499,4,54.93075,-18.1886,105.5066,3,56.71449,81.10985,115.2689,5,56.96833,72.05407,96.67292
1,56.88957,-58.82626,81.17625,2,54.52928,-73.48114,-90.33499,4,54.93075,-18.1886,105.5066,3,56.71449,81.10985,115.2689,5,54.32192,-80.76746,78.66782
1,56.81573,39.53864,-133.4408,2,54.52928,-73.48114,-90.33499,4,54.93075,-18.1886,105.5066,3,56.71449,81.10985,115.2689,5,54.32192,-80.76746,78.66782
1,56.81573,39.53864,-133.4408,2,57.62705,-33.85057,-60.25581,4,54.93075,-18.1886,105.5066,3,56.71449,81.10985,115.2689,5,54.32192,-80.76746,78.66782
1,56.81573,39.53864,-133.4408,2,57.62705,-33.85057,-60.25581,4,54.93075,-18.1886,105.5066,3,54.48473,67.71792,-134.9454,5,54.32192,-80.76746,78.66782
1,56.81573,39.53864,-133.4408,2,57.62705,-33.85057,-60.25581,4,60.09224,-29.51974,-121.4109,3,54.48473,67.71792,-134.9454,5,54.32192,-80.76746,78.66782
1,55.60787,-16.42351,-29.72792,2,57.62705,-33.85057,-60.25581,4,60.09224,-29.51974,-121.4109,3,54.48473,67.71792,-134.9454,5,60.24135,-46.58239,-142.256
1,55.60787,-16.42351,-29.72792,2,56.45214,-3.921358,53.40572,4,60.09224,-29.51974,-121.4109,3,54.48473,67.71792,-134.9454,5,60.24135,-46.58239,-142.256
1,55.60787,-16.42351,-29.72792,2,56.45214,-3.921358,53.40572,4,60.07203,46.37906,-87.42886,3,55.45102,41.25741,141.4757,5,60.24135,-46.58239,-142.256
1,55.60787,-16.42351,-29.72792,2,56.45214,-3.921358,53.40572,4,60.07203,46.37906,-87.42886,3,55.45102,41.25741,141.4757,5,60.22219,-35.96392,19.39018
1,57.47749,29.23668,92.55237,2,56.45214,-3.921358,53.40572,4,60.07203,46.37906,-87.42886,3,55.45102,41.25741,141.4757,5,60.22219,-35.96392,19.39018
1,57.47749,29.23668,92.55237,2,54.51787,-41.59506,119.2532,4,60.07203,46.37906,-87.42886,3,57.47747,51.01628,124.9586,5,60.22219,-35.96392,19.39018
1,57.47749,29.23668,92.55237,2,54.51787,-41.59506,119.2532,4,54.59636,16.96107,34.90596,3,57.47747,51.01628,124.9586,5,60.22219,-35.96392,19.39018
1,57.47749,29.23668,92.55237,2,54.51787,-41.59506,119.2532,4,54.59636,16.96107,34.90596,3,57.47747,51.01628,124.9586,5,55.96767,-67.18759,65.45803
1,55.48846,-68.08625,-133.6896,2,54.51787,-41.59506,119.2532,4,54.59636,16.96107,34.90596,3,57.47747,51.01628,124.9586,5,55.96767,-67.18759,65.45803
1,55.48846,-68.08625,-133.6896,2,59.34153,-56.98136,-15.08327,4,54.59636,16.96107,34.90596,3,57.47747,51.01628,124.9586,5,55.96767,-67.18759,65.45803
1,55.48846,-68.08625,-133.6896,2,59.34153,-56.98136,-15.08327,4,54.59636,16.96107,34.90596,3,54.31162,37.93647,-146.4907,5,55.96767,-67.18759,65.45803
1,55.48846,-68.08625,-133.6896,2,59.34153,-56.98136,-15.08327,4,54.75864,16.99367,131.1798,3,54.31162,37.93647,-146.4907,5,55.96767,-67.18759,65.45803
1,55.73995,50.04692,-87.0233,2,56.90569,-65.25281,100.0233,4,54.75864,16.99367,131.1798,3,54.31162,37.93647,-146.4907,5,59.46483,-52.52267,58.57782
1,55.73995,50.04692,-87.0233,2,56.90569,-65.25281,100.0233,4,54.75864,16.99367,131.1798,3,56.3396,29.90272,-164.7999,5,59.46483,-52.52267,58.57782
1,55.73995,50.04692,-87.0233,2,56.90569,-65.25281,100.0233,4,60.26546,-29.65712,-137.6743,3,56.3396,29.90272,-164.7999,5,59.46483,-52.52267,58.57782
1,55.73995,50.04692,-87.0233,2,56.90569,-65.25281,100.0233,4,60.26546,-29.65712,-137.6743,3,56.3396,29.90272,-164.7999,5,56.07174,-75.39682,-40.62738
1,56.49679,-32.45398,66.43468,2,56.90569,-65.25281,100.0233,4,60.26546,-29.65712,-137.6743,3,56.3396,29.90272,-164.7999,5,56.07174,-75.39682,-40.62738
1,56.49679,-32.45398,66.43468,2,55.99607,31.23092,125.5452,4,60.26546,-29.65712,-137.6743,3,60.42505,85.23969,-44.73513,5,56.07174,-75.39682,-40.62738
1,56.49679,-32.45398,66.43468,2,55.99607,31.23092,125.5452,4,54.34906,51.99378,-47.92987,3,60.42505,85.23969,-44.73513,5,56.07174,-75.39682,-40.62738
1,56.49679,-32.45398,66.43468,2,55.99607,31.23092,125.5452,4,54.34906,51.99378,-47.92987,3,60.42505,85.23969,-44.73513,5,57.67376,-41.17138,-26.56785
1,55.93391,-29.5302,143.9503,2,55.99607,31.23092,125.5452,4,54.34906,51.99378,-47.92987,3,60.42505,85.23969,-44.73513,5,57.67376,-41.17138,-26.56785
1,55.93391,-29.5302,143.9503,2,58.51169,40.57481,52.93592,4,54.34906,51.99378,-47.92987,3,56.17124,67.5106,-57.31014,5,57.67376,-41.17138,-26.56785
1,55.93391,-29.5302,143.9503,2,58.51169,40.57481,52.93592,4,54.29239,16.7453,-0.3225499,3,56.17124,67.5106,-57.31014,5,57.67376,-41.17138,-26.56785
1,55.29432,1.454434,24.71287,2,58.51169,40.57481,52.93592,4,54.29239,16.7453,-0.3225499,3,56.17124,67.5106,-57.31014,5,58.92829,-48.31133,14.99909
1,55.29432,1.454434,24.71287,2,57.77647,-46.01991,38.94798,4,54.29239,16.7453,-0.3225499,3,56.17124,67.5106,-57.31014,5,58.92829,-48.31133,14.99909
1,55.29432,1.454434,24.71287,2,57.77647,-46.01991,38.94798,4,54.29239,16.7453,-0.3225499,3,55.42234,46.15018,125.9936,5,58.92829,-48.31133,14.99909
1,55.29432,1.454434,24.71287,2,57.77647,-46.01991,38.94798,4,54.80276,-35.34586,137.9178,3,55.42234,46.15018,125.9936,5,58.92829,-48.31133,14.99909
1,55.29432,1.454434,24.71287,2,57.77647,-46.01991,38.94798,4,54.80276,-35.34586,137.9178,3,55.42234,46.15018,125.9936,5,56.18055,-71.25001,-33.47515
1,56.08038,-67.71119,171.9176,2,57.77647,-46.01991,38.94798,4,54.80276,-35.34586,137.9178,3,55.42234,46.15018,125.9936,5,56.18055,-71.25001,-33.47515
1,56.08038,-67.71119,171.9176,2,56.71195,4.286794,27.73762,4,54.80276,-35.34586,137.9178,3,57.36098,6.680805,114.3156,5,56.18055,-71.25001,-33.47515
1,56.08038,-67.71119,171.9176,2,56.71195,4.286794,27.73762,4,58.90745,-51.5601,-25.27971,3,57.36098,6.680805,114.3156,5,57.49887,-31.16806,-25.94701
1,54.85853,17.48905,72.54957,2,56.71195,4.286794,27.73762,4,58.90745,-51.5601,-25.27971,3,57.36098,6.680805,114.3156,5,57.49887,-31.16806,-25.94701
1,54.85853,17.48905,72.54957,2,57.21584,-35.4721,99.36054,4,58.90745,-51.5601,-25.27971,3,57.36098,6.680805,114.3156,5,57.49887,-31.16806,-25.94701
1,54.85853,17.48905,72.54957,2,57.21584,-35.4721,99.36054,4,58.90745,-51.5601,-25.27971,3,60.36657,38.55644,-140.4515,5,57.49887,-31.16806,-25.94701
1,54.85853,17.48905,72.54957,2,57.21584,-35.4721,99.36054,4,54.26766,10.63277,-12.5635,3,60.36657,38.55644,-140.4515,5,57.49887,-31.16806,-25.94701
1,55.37815,-30.6952,-54.93119,2,57.21584,-35.4721,99.36054,4,54.26766,10.63277,-12.5635,3,60.36657,38.55644,-140.4515,5,58.86831,-44.07848,-7.212275
1,55.37815,-30.6952,-54.93119,2,54.35829,-41.81716,-134.1788,4,54.26766,10.63277,-12.5635,3,60.36657,38.55644,-140.4515,5,58.86831,-44.07848,-7.212275
1,55.37815,-30.6952,-54.93119,2,54.35829,-41.81716,-134.1788,4,54.26766,10.63277,-12.5635,3,56.29921,0.5970279,-102.8943,5,58.86831,-44.07848,-7.212275
1,55.37815,-30.6952,-54.93119,2,54.35829,-41.81716,-134.1788,4,54.40261,-42.55681,1.648352,3,56.29921,0.5970279,-102.8943,5,58.86831,-44.07848,-7.212275
1,55.37815,-30.6952,-54.93119,2,54.35829,-41.81716,-134.1788,4,54.40261,-42.55681,1.648352,3,56.29921,0.5970279,-102.8943,5,58.53922,-58.93533,122.8192
1,54.42746,-19.80055,176.6839,2,58.07032,-10.7514,21.92411,4,54.40261,-42.55681,1.648352,3,56.29921,0.5970279,-102.8943,5,58.53922,-58.93533,122.8192
1,54.42746,-19.80055,176.6839,2,58.07032,-10.7514,21.92411,4,55.11723,-43.54802,38.40846,3,55.69781,69.53738,91.91764,5,58.53922,-58.93533,122.8192
1,54.42746,-19.80055,176.6839,2,58.07032,-10.7514,21.92411,4,55.11723,-43.54802,38.40846,3,55.69781,69.53738,91.91764,5,56.95901,-76.4694,-48.25122
1,56.0382,-12.64167,6.654609,2,58.07032,-10.7514,21.92411,4,55.11723,-43.54802,38.40846,3,55.69781,69.53738,91.91764,5,56.95901,-76.4694,-48.25122
1,56.0382,-12.64167,6.654609,2,56.54834,-6.7455,-1.568303,4,55.11723,-43.54802,38.40846,3,55.69781,69.53738,91.91764,5,56.95901,-76.4694,-48.25122
1,56.0382,-12.64167,6.654609,2,56.54834,-6.7455,-1.568303,4,55.11723,-43.54802,38.40846,3,57.25811,4.466624,61.00465,5,56.95901,-76.4694,-48.25122
1,56.0382,-12.64167,6.654609,2,56.54834,-6.7455,-1.568303,4,54.60011,-21.11368,150.0005,3,57.25811,4.466624,61.00465,5,56.95901,-76.4694,-48.25122
1,59.98707,11.32877,-96.25764,2,56.54834,-6.7455,-1.568303,4,54.60011,-21.11368,150.0005,3,57.25811,4.466624,61.00465,5,57.74762,-34.92917,0.8478959
1,59.98707,11.32877,-96.25764,2,56.37724,-63.93822,-49.92916,4,54.60011,-21.11368,150.0005,3,57.25811,4.466624,61.00465,5,57.74762,-34.92917,0.8478959
1,59.98707,11.32877,-96.25764,2,56.37724,-63.93822,-49.92916,4,54.60011,-21.11368,150.0005,3,54.40361,31.58108,-161.6175,5,57.74762,-34.92917,0.8478959
1,59.98707,11.32877,-96.25764,2,56.37724,-63.93822,-49.92916,4,59.85424,-9.980473,-66.95158,3,54.40361,31.58108,-161.6175,5,59.91088,-54.49956,31.09353
1,56.29744,-65.52438,146.1025,2,56.37724,-63.93822,-49.92916,4,59.85424,-9.980473,-66.95158,3,54.40361,31.58108,-161.6175,5,59.91088,-54.49956,31.09353
1,56.29744,-65.52438,146.1025,2,56.95733,-34.49688,57.68739,4,59.85424,-9.980473,-66.95158,3,56.42047,-16.17566,-145.7799,5,59.91088,-54.49956,31.09353
1,56.29744,-65.52438,146.1025,2,56.95733,-34.49688,57.68739,4,55.51022,-8.461188,129.3639,3,56.42047,-16.17566,-145.7799,5,59.91088,-54.49956,31.09353
1,56.29744,-65.52438,146.1025,2,56.95733,-34.49688,57.68739,4,55.51022,-8.461188,129.3639,3,56.42047,-16.17566,-145.7799,5,56.4626,-69.33891,-32.8896
1,55.15883,15.98678,66.01213,2,56.95733,-34.49688,57.68739,4,55.51022,-8.461188,129.3639,3,56.42047,-16.17566,-145.7799,5,56.4626,-69.33891,-32.8896
1,55.15883,15.98678,66.01213,2,54.16481,45.83817,-110.7989,4,55.51022,-8.461188,129.3639,3,56.42047,-16.17566,-145.7799,5,56.4626,-69.33891,-32.8896
1,55.15883,15.98678,66.01213,2,54.16481,45.83817,-110.7989,4,55.51022,-8.461188,129.3639,3,54.7239,84.08184,1.398191,5,56.4626,-69.33891,-32.8896
1,55.15883,15.98678,66.01213,2,54.16481,45.83817,-110.7989,4,54.65366,-30.60899,128.1223,3,54.7239,84.08184,1.398191,5,56.4626,-69.33891,-32.8896
1,55.36204,-32.55706,-66.64767,2,57.10439,-31.20422,-4.076722,4,54.65366,-30.60899,128.1223,3,54.7239,84.08184,1.398191,5,57.98294,-31.446,-9.780031
1,55.36204,-32.55706,-66.64767,2,57.10439,-31.20422,-4.076722,4,54.65366,-30.60899,128.1223,3,56.9304,15.90175,11.61279,5,57.98294,-31.446,-9.780031
1,55.36204,-32.55706,-66.64767,2,57.10439,-31.20422,-4.076722,4,60.27158,23.83751,-112.2911,3,56.9304,15.90175,11.61279,5,57.98294,-31.446,-9.780031
1,55.36204,-32.55706,-66.64767,2,57.10439,-31.20422,-4.076722,4,60.27158,23.83751,-112.2911,3,56.9304,15.90175,11.61279,5,59.07576,-48.83616,5.8697
1,54.78232,-46.04015,156.2545,2,57.10439,-31.20422,-4.076722,4,60.27158,23.83751,-112.2911,3,56.9304,15.90175,11.61279,5,59.07576,-48.83616,5.8697
1,54.78232,-46.04015,156.2545,2,56.87028,-37.27757,64.50337,4,60.27158,23.83751,-112.2911,3,54.86319,29.27034,170.3073,5,59.07576,-48.83616,5.8697
1,54.78232,-46.04015,156.2545,2,56.87028,-37.27757,64.50337,4,60.41488,19.1489,-20.61041,3,54.86319,29.27034,170.3073,5,59.07576,-48.83616,5.8697
1,54.78232,-46.04015,156.2545,2,56.87028,-37.27757,64.50337,4,60.41488,19.1489,-20.61041,3,54.86319,29.27034,170.3073,5,60.37729,-50.99243,-6.306021
1,56.02029,-13.22257,-0.3574165,2,56.87028,-37.27757,64.50337,4,60.41488,19.1489,-20.61041,3,54.86319,29.27034,170.3073,5,60.37729,-50.99243,-6.306021
1,56.02029,-13.22257,-0.3574165,2,56.04917,-10.70289,55.79048,4,60.41488,19.1489,-20.61041,3,54.86319,29.27034,170.3073,5,60.37729,-50.99243,-6.306021
1,56.02029,-13.22257,-0.3574165,2,56.04917,-10.70289,55.79048,4,55.15942,34.343,98.27882,3,56.55501,-29.61396,-178.3269,5,60.37729,-50.99243,-6.306021
1,54.50201,-42.18277,-91.99527,2,56.04917,-10.70289,55.79048,4,55.15942,34.343,98.27882,3,56.55501,-29.61396,-178.3269,5,57.32831,-20.59024,-48.19743
1,54.50201,-42.18277,-91.99527,2,54.84722,-51.35312,29.21503,4,55.15942,34.343,98.27882,3,56.55501,-29.61396,-178.3269,5,57.32831,-20.59024,-48.19743
1,54.50201,-42.18277,-91.99527,2,54.84722,-51.35312,29.21503,4,55.15942,34.343,98.27882,3,59.99367,73.61803,-80.49416,5,57.32831,-20.59024,-48.19743
1,54.50201,-42.18277,-91.99527,2,54.84722,-51.35312,29.21503,4,54.76601,-21.96915,109.0175,3,59.99367,73.61803,-80.49416,5,57.32831,-20.59024,-48.19743
1,54.50201,-42.18277,-91.99527,2,54.84722,-51.35312,29.21503,4,54.76601,-21.96915,109.0175,3,59.99367,73.61803,-80.49416,5,57.82165,-63.7151,-28.06909
1,56.90891,-11.40476,35.0067,2,54.84722,-51.35312,29.21503,4,54.76601,-21.96915,109.0175,3,59.99367,73.61803,-80.49416,5,57.82165,-63.7151,-28.06909
1,56.90891,-11.40476,35.0067,2,56.03738,-32.72481,-133.6479,4,54.76601,-21.96915,109.0175,3,56.43385,47.84848,-26.41306,5,57.82165,-63.7151,-28.06909
1,56.90891,-11.40476,35.0067,2,56.03738,-32.72481,-133.6479,4,54.16498,16.06997,-128.2889,3,56.43385,47.84848,-26.41306,5,57.82165,-63.7151,-28.06909
1,54.1727,-73.92771,-80.54149,2,56.03738,-32.72481,-133.6479,4,54.16498,16.06997,-128.2889,3,56.43385,47.84848,-26.41306,5,59.6029,-47.86423,-129.0949
1,54.1727,-73.92771,-80.54149,2,59.60095,-12.00688,-22.98932,4,54.16498,16.06997,-128.2889,3,56.43385,47.84848,-26.41306,5,59.6029,-47.86423,-129.0949
1,54.1727,-73.92771,-80.54149,2,59.60095,-12.00688,-22.98932,4,54.16498,16.06997,-128.2889,3,55.18649,35.12425,146.0933,5,59.6029,-47.86423,-129.0949
1,54.1727,-73.92771,-80.54149,2,59.60095,-12.00688,-22.98932,4,60.33731,17.21311,-33.62036,3,55.18649,35.12425,146.0933,5,59.6029,-47.86423,-129.0949
1,56.71879,7.364681,-3.534647,2,59.60095,-12.00688,-22.98932,4,60.33731,17.21311,-33.62036,3,55.18649,35.12425,146.0933,5,59.83676,-53.73024,66.84318
1,56.71879,7.364681,-3.534647,2,58.00614,48.56609,-1.02476,4,60.33731,17.21311,-33.62036,3,55.18649,35.12425,146.0933,5,59.83676,-53.73024,66.84318
1,56.71879,7.364681,-3.534647,2,58.00614,48.56609,-1.02476,4,60.33731,17.21311,-33.62036,3,56.86103,9.427207,128.0103,5,59.83676,-53.73024,66.84318
1,56.71879,7.364681,-3.534647,2,58.00614,48.56609,-1.02476,4,60.33849,44.48087,-0.9150854,3,56.86103,9.427207,128.0103,5,59.83676,-53.73024,66.84318
1,56.71879,7.364681,-3.534647,2,58.00614,48.56609,-1.02476,4,60.33849,44.48087,-0.9150854,3,56.86103,9.427207,128.0103,5,59.40786,-11.31021,18.40702
1,56.65525,-60.67272,91.7936,2,58.00614,48.56609,-1.02476,4,60.33849,44.48087,-0.9150854,3,56.86103,9.427207,128.0103,5,59.40786,-11.31021,18.40702
1,56.65525,-60.67272,91.7936,2,56.83922,34.24226,155.05,4,54.72377,-23.23441,133.095,3,60.22658,46.88503,-126.4922,5,59.40786,-11.31021,18.40702
1,56.65525,-60.67272,91.7936,2,56.83922,34.24226,155.05,4,54.72377,-23.23441,133.095,3,60.22658,46.88503,-126.4922,5,58.23312,-41.00082,-58.40155
1,56.29002,6.950027,-107.8596,2,56.83922,34.24226,155.05,4,54.72377,-23.23441,133.095,3,60.22658,46.88503,-126.4922,5,58.23312,-41.00082,-58.40155
1,56.29002,6.950027,-107.8596,2,57.66046,-38.66115,59.64986,4,54.72377,-23.23441,133.095,3,60.22658,46.88503,-126.4922,5,58.23312,-41.00082,-58.40155
1,56.29002,6.950027,-107.8596,2,57.66046,-38.66115,59.64986,4,54.72377,-23.23441,133.095,3,55.91545,31.52762,-125.1512,5,58.23312,-41.00082,-58.40155
1,56.29002,6.950027,-107.8596,2,57.66046,-38.66115,59.64986,4,60.43197,-15.7283,119.8846,3,55.91545,31.52762,-125.1512,5,58.23312,-41.00082,-58.40155
1,56.14136,-18.88196,14.0898,2,57.66046,-38.66115,59.64986,4,60.43197,-15.7283,119.8846,3,55.91545,31.52762,-125.1512,5,55.41565,-74.24097,22.36547
1,56.14136,-18.88196,14.0898,2,57.72411,14.17463,75.21065,4,60.43197,-15.7283,119.8846,3,55.91545,31.52762,-125.1512,5,55.41565,-74.24097,22.36547
1,56.14136,-18.88196,14.0898,2,57.72411,14.17463,75.21065,4,60.43197,-15.7283,119.8846,3,55.49204,66.73653,87.25403,5,55.41565,-74.24097,22.36547
1,56.14136,-18.88196,14.0898,2,57.72411,14.17463,75.21065,4,60.33309,12.71753,-32.73444,3,55.49204,66.73653,87.25403,5,57.3968,-25.458,6.75241
1,57.01965,9.3416,126.4862,2,57.72411,14.17463,75.21065,4,60.33309,12.71753,-32.73444,3,55.49204,66.73653,87.25403,5,57.3968,-25.458,6.75241
1,57.01965,9.3416,126.4862,2,56.4534,-53.90918,165.0504,4,60.33309,12.71753,-32.73444,3,57.68097,72.18439,80.82026,5,57.3968,-25.458,6.75241
1,57.01965,9.3416,126.4862,2,56.4534,-53.90918,165.0504,4,54.69972,39.94375,55.11548,3,57.68097,72.18439,80.82026,5,57.3968,-25.458,6.75241
1,57.01965,9.3416,126.4862,2,56.4534,-53.90918,165.0504,4,54.69972,39.94375,55.11548,3,57.68097,72.18439,80.82026,5,58.93162,-40.02793,-39.64372
1,55.28157,-45.03207,-78.72173,2,56.4534,-53.90918,165.0504,4,54.69972,39.94375,55.11548,3,57.68097,72.18439,80.82026,5,58.93162,-40.02793,-39.64372
1,55.28157,-45.03207,-78.72173,2,56.4534,-53.90918,165.0504,4,54.69972,39.94375,55.11548,3,57.68097,72.18439,80.82026,5,58.93162,-40.02793,-39.64372
1,55.28157,-45.03207,-78.72173,2,56.08771,-6.503556,111.3491,4,54.69972,39.94375,55.11548,3,54.78961,29.10785,175.643,5,58.93162,-40.02793,-39.64372
1,55.28157,-45.03207,-78.72173,2,56.08771,-6.503556,111.3491,4,54.58433,-29.08781,146.1734,3,54.78961,29.10785,175.643,5,58.93162,-40.02793,-39.64372
1,57.72574,83.52198,50.10139,2,56.08771,-6.503556,111.3491,4,54.58433,-29.08781,146.1734,3,54.78961,29.10785,175.643,5,57.58986,-58.82257,105.7812
1,57.72574,83.52198,50.10139,2,57.0891,13.10697,-48.62429,4,54.58433,-29.08781,146.1734,3,56.82584,22.47893,168.5955,5,57.58986,-58.82257,105.7812
1,57.72574,83.52198,50.10139,2,57.0891,13.10697,-48.62429,4,60.19172,6.523712,-119.3631,3,56.82584,22.47893,168.5955,5,57.58986,-58.82257,105.7812
1,57.72574,83.52198,50.10139,2,57.0891,13.10697,-48.62429,4,60.19172,6.523712,-119.3631,3,56.82584,22.47893,168.5955,5,57.48542,-70.51257,-68.4837
1,56.55779,-41.18171,82.02663,2,57.0891,13.10697,-48.62429,4,60.19172,6.523712,-119.3631,3,56.82584,22.47893,168.5955,5,57.48542,-70.51257,-68.4837
1,56.55779,-41.18171,82.02663,2,57.16827,-28.69625,41.99116,4,60.19172,6.523712,-119.3631,3,60.09401,62.17386,-104.9181,5,57.48542,-70.51257,-68.4837
1,56.55779,-41.18171,82.02663,2,57.16827,-28.69625,41.99116,4,54.15787,19.97284,-19.35967,3,60.09401,62.17386,-104.9181,5,57.48542,-70.51257,-68.4837
1,56.55779,-41.18171,82.02663,2,57.16827,-28.69625,41.99116,4,54.15787,19.97284,-19.35967,3,60.09401,62.17386,-104.9181,5,55.75121,-40.87226,2.778059
1,56.73571,9.482622,-174.8955,2,57.16827,-28.69625,41.99116,4,54.15787,19.97284,-19.35967,3,60.09401,62.17386,-104.9181,5,55.75121,-40.87226,2.778059
1,56.73571,9.482622,-174.8955,2,55.19243,37.63391,-11.88769,4,54.15787,19.97284,-19.35967,3,60.09401,62.17386,-104.9181,5,55.75121,-40.87226,2.778059
1,56.73571,9.482622,-174.8955,2,55.19243,37.63391,-11.88769,4,54.15787,19.97284,-19.35967,3,55.91503,53.64275,-93.42802,5,55.75121,-40.87226,2.778059
1,56.73571,9.482622,-174.8955,2,55.19243,37.63391,-11.88769,4,55.00772,26.13056,90.98936,3,55.91503,53.64275,-93.42802,5,59.08212,-53.37228,8.421103
1,55.45165,-22.91328,-48.27354,2,56.94448,-46.52706,134.9445,4,55.00772,26.13056,90.98936,3,55.91503,53.64275,-93.42802,5,59.08212,-53.37228,8.421103
1,55.45165,-22.91328,-48.27354,2,56.94448,-46.52706,134.9445,4,55.00772,26.13056,90.98936,3,55.61675,53.18203,119.1803,5,59.08212,-53.37228,8.421103
1,55.45165,-22.91328,-48.27354,2,56.94448,-46.52706,134.9445,4,54.32805,-28.32103,-164.7014,3,55.61675,53.18203,119.1803,5,59.08212,-53.37228,8.421103
1,55.45165,-22.91328,-48.27354,2,56.94448,-46.52706,134.9445,4,54.32805,-28.32103,-164.7014,3,55.61675,53.18203,119.1803,5,56.87299,-59.91592,140.7658
1,57.20149,49.67165,51.58714,2,56.94448,-46.52706,134.9445,4,54.32805,-28.32103,-164.7014,3,55.61675,53.18203,119.1803,5,56.87299,-59.91592,140.7658
1,57.20149,49.67165,51.58714,2,55.53096,62.93913,31.49334,4,54.32805,-28.32103,-164.7014,3,57.31873,36.39383,102.5048,5,56.87299,-59.91592,140.7658
1,57.20149,49.67165,51.58714,2,55.53096,62.93913,31.49334,4,60.09525,13.62898,-92.38523,3,57.31873,36.39383,102.5048,5,56.87299,-59.91592,140.7658
1,57.20149,49.67165,51.58714,2,55.53096,62.93913,31.49334,4,60.09525,13.62898,-92.38523,3,57.31873,36.39383,102.5048,5,57.00982,-82.12437,-56.25267
1,56.39598,-59.61289,129.0648,2,57.19915,25.93753,-38.90686,4,60.09525,13.62898,-92.38523,3,57.31873,36.39383,102.5048,5,57.00982,-82.12437,-56.25267
1,56.39598,-59.61289,129.0648,2,57.19915,25.93753,-38.90686,4,60.09525,13.62898,-92.38523,3,54.33212,32.85867,-152.8047,5,57.00982,-82.12437,-56.25267
1,56.39598,-59.61289,129.0648,2,57.19915,25.93753,-38.90686,4,54.33719,24.00123,5.41438,3,54.33212,32.85867,-152.8047,5,57.00982,-82.12437,-56.25267
1,55.95326,17.32248,-124.732,2,57.19915,25.93753,-38.90686,4,54.33719,24.00123,5.41438,3,54.33212,32.85867,-152.8047,5,59.89821,-3.449533,-83.29606
1,55.95326,17.32248,-124.732,2,57.76464,-42.94637,30.87996,4,54.33719,24.00123,5.41438,3,54.33212,32.85867,-152.8047,5,59.89821,-3.449533,-83.29606
1,55.95326,17.32248,-124.732,2,57.76464,-42.94637,30.87996,4,54.33719,24.00123,5.41438,3,55.99558,39.70063,168.2706,5,59.89821,-3.449533,-83.29606
1,55.95326,17.32248,-124.732,2,57.76464,-42.94637,30.87996,4,54.60097,-30.88519,153.3839,3,55.99558,39.70063,168.2706,5,59.89821,-3.449533,-83.29606
1,55.95326,17.32248,-124.732,2,57.76464,-42.94637,30.87996,4,54.60097,-30.88519,153.3839,3,55.99558,39.70063,168.2706,5,54.25712,-58.74131,52.34761
1,56.01434,-10.30323,8.063655,2,57.76464,-42.94637,30.87996,4,54.60097,-30.88519,153.3839,3,55.99558,39.70063,168.2706,5,54.25712,-58.74131,52.34761
1,56.01434,-10.30323,8.063655,2,56.7163,0.3046338,102.0894,4,54.60097,-30.88519,153.3839,3,60.03726,58.72281,-88.44722,5,54.25712,-58.74131,52.34761
1,56.01434,-10.30323,8.063655,2,56.7163,0.3046338,102.0894,4,59.9527,-15.07001,-90.80296,3,60.03726,58.72281,-88.44722,5,54.25712,-58.74131,52.34761
1,56.82363,4.546276,104.8364,2,56.7163,0.3046338,102.0894,4,59.9527,-15.07001,-90.80296,3,60.03726,58.72281,-88.44722,5,54.2289,-64.14951,-167.8615
1,56.82363,4.546276,104.8364,2,54.59401,-6.372218,-127.029,4,59.9527,-15.07001,-90.80296,3,60.03726,58.72281,-88.44722,5,54.2289,-64.14951,-167.8615
1,56.82363,4.546276,104.8364,2,54.59401,-6.372218,-127.029,4,59.9527,-15.07001,-90.80296,3,55.44997,60.31544,-145.0299,5,54.2289,-64.14951,-167.8615
1,56.82363,4.546276,104.8364,2,54.59401,-6.372218,-127.029,4,55.09433,29.33136,56.82088,3,55.44997,60.31544,-145.0299,5,54.2289,-64.14951,-167.8615
1,54.7788,-51.78787,-73.5079,2,54.59401,-6.372218,-127.029,4,55.09433,29.33136,56.82088,3,55.44997,60.31544,-145.0299,5,59.32417,-0.1061942,-99.98084
1,54.7788,-51.78787,-73.5079,2,57.11267,5.712705,-0.4271927,4,55.09433,29.33136,56.82088,3,55.44997,60.31544,-145.0299,5,59.32417,-0.1061942,-99.98084
1,54.7788,-51.78787,-73.5079,2,57.11267,5.712705,-0.4271927,4,55.09433,29.33136,56.82088,3,55.76044,67.17465,100.3864,5,59.32417,-0.1061942,-99.98084
1,54.7788,-51.78787,-73.5079,2,57.11267,5.712705,-0.4271927,4,54.6407,-26.61941,150.1482,3,55.76044,67.17465,100.3864,5,59.32417,-0.1061942,-99.98084
1,56.56573,8.754491,9.574576,2,57.11267,5.712705,-0.4271927,4,54.6407,-26.61941,150.1482,3,55.76044,67.17465,100.3864,5,59.23505,-60.17362,135.6918
1,56.56573,8.754491,9.574576,2,56.50556,12.29087,12.29268,4,54.6407,-26.61941,150.1482,3,57.69856,70.40597,81.82174,5,59.23505,-60.17362,135.6918
1,56.56573,8.754491,9.574576,2,56.50556,12.29087,12.29268,4,60.29029,12.37928,-106.6767,3,57.69856,70.40597,81.82174,5,59.23505,-60.17362,135.6918
1,56.56573,8.754491,9.574576,2,56.50556,12.29087,12.29268,4,60.29029,12.37928,-106.6767,3,57.69856,70.40597,81.82174,5,60.07608,-42.33496,65.74886
1,56.50158,-59.79656,105.3714,2,56.50556,12.29087,12.29268,4,60.29029,12.37928,-106.6767,3,57.69856,70.40597,81.82174,5,60.07608,-42.33496,65.74886
1,56.50158,-59.79656,105.3714,2,57.19849,-27.17603,78.55768,4,60.29029,12.37928,-106.6767,3,57.69856,70.40597,81.82174,5,60.07608,-42.33496,65.74886
1,56.50158,-59.79656,105.3714,2,57.19849,-27.17603,78.55768,4,60.29029,12.37928,-106.6767,3,54.94053,30.79622,163.4919,5,60.07608,-42.33496,65.74886
1,56.50158,-59.79656,105.3714,2,57.19849,-27.17603,78.55768,4,54.89065,14.52016,40.02871,3,54.94053,30.79622,163.4919,5,60.07608,-42.33496,65.74886
1,56.0441,-12.4907,-81.58911,2,57.19849,-27.17603,78.55768,4,54.89065,14.52016,40.02871,3,54.94053,30.79622,163.4919,5,54.56042,-50.76065,29.56197
1,56.0441,-12.4907,-81.58911,2,55.33952,-18.9952,-108.1749,4,54.89065,14.52016,40.02871,3,54.94053,30.79622,163.4919,5,54.56042,-50.76065,29.56197
1,56.0441,-12.4907,-81.58911,2,55.33952,-18.9952,-108.1749,4,55.12097,-50.13839,70.3728,3,56.98171,0.4580742,160.7713,5,54.56042,-50.76065,29.56197
1,56.0441,-12.4907,-81.58911,2,55.33952,-18.9952,-108.1749,4,55.12097,-50.13839,70.3728,3,56.98171,0.4580742,160.7713,5,57.75368,-11.37764,-11.45733
1,56.36708,-18.80473,42.48652,2,55.33952,-18.9952,-108.1749,4,55.12097,-50.13839,70.3728,3,56.98171,0.4580742,160.7713,5,57.75368,-11.37764,-11.45733
1,56.36708,-18.80473,42.48652,2,56.77775,15.37219,-10.22366,4,55.12097,-50.13839,70.3728,3,60.06079,57.04594,-112.8472,5,57.75368,-11.37764,-11.45733
1,56.36708,-18.80473,42.48652,2,56.77775,15.37219,-10.22366,4,54.79147,11.74195,167.8215,3,60.06079,57.04594,-112.8472,5,57.75368,-11.37764,-11.45733
1,56.36708,-18.80473,42.48652,2,56.77775,15.37219,-10.22366,4,54.79147,11.74195,167.8215,3,60.06079,57.04594,-112.8472,5,58.96265,-45.2857,5.481969
1,56.69849,-22.20191,173.0355,2,56.77775,15.37219,-10.22366,4,54.79147,11.74195,167.8215,3,60.06079,57.04594,-112.8472,5,58.96265,-45.2857,5.481969
1,56.69849,-22.20191,173.0355,2,57.4506,-6.491042,62.29455,4,54.79147,11.74195,167.8215,3,60.06079,57.04594,-112.8472,5,58.96265,-45.2857,5.481969
1,56.69849,-22.20191,173.0355,2,57.4506,-6.491042,62.29455,4,54.79147,11.74195,167.8215,3,56.2587,28.6366,-63.64733,5,58.96265,-45.2857,5.481969
1,56.69849,-22.20191,173.0355,2,57.4506,-6.491042,62.29455,4,60.17485,-2.192271,-83.10135,3,56.2587,28.6366,-63.64733,5,58.96265,-45.2857,5.481969
1,55.56503,-16.77448,-35.1702,2,57.0153,-57.62599,148.5878,4,60.17485,-2.192271,-83.10135,3,56.2587,28.6366,-63.64733,5,58.2345,-60.27139,128.5975
1,55.56503,-16.77448,-35.1702,2,57.0153,-57.62599,148.5878,4,60.17485,-2.192271,-83.10135,3,55.51694,48.83813,124.4311,5,58.2345,-60.27139,128.5975
1,55.56503,-16.77448,-35.1702,2,57.0153,-57.62599,148.5878,4,54.88893,52.22799,38.74759,3,55.51694,48.83813,124.4311,5,58.2345,-60.27139,128.5975
1,55.56503,-16.77448,-35.1702,2,57.0153,-57.62599,148.5878,4,54.88893,52.22799,38.74759,3,55.51694,48.83813,124.4311,5,54.40198,-67.05551,37.53835
1,57.29116,47.73619,63.91977,2,57.0153,-57.62599,148.5878,4,54.88893,52.22799,38.74759,3,55.51694,48.83813,124.4311,5,54.40198,-67.05551,37.53835
1,57.29116,47.73619,63.91977,2,54.2477,5.292001,-61.45944,4,54.88893,52.22799,38.74759,3,56.9949,8.317278,116.9351,5,54.40198,-67.05551,37.53835
1,57.29116,47.73619,63.91977,2,54.2477,5.292001,-61.45944,4,54.62053,-34.47312,160.0136,3,56.9949,8.317278,116.9351,5,54.40198,-67.05551,37.53835
1,57.29116,47.73619,63.91977,2,54.2477,5.292001,-61.45944,4,54.62053,-34.47312,160.0136,3,56.9949,8.317278,116.9351,5,58.10976,-44.35277,-49.71068
1,56.52618,-56.69513,112.366,2,54.2477,5.292001,-61.45944,4,54.62053,-34.47312,160.0136,3,56.9949,8.317278,116.9351,5,58.10976,-44.35277,-49.71068
1,56.52618,-56.69513,112.366,2,56.98232,-36.04662,-1.103491,4,54.62053,-34.47312,160.0136,3,60.32612,38.19745,-135.5633,5,58.10976,-44.35277,-49.71068
1,56.52618,-56.69513,112.366,2,56.98232,-36.04662,-1.103491,4,58.0003,-55.62555,47.70842,3,60.32612,38.19745,-135.5633,5,58.10976,-44.35277,-49.71068
1,56.29321,17.52679,-133.4408,2,56.98232,-36.04662,-1.103491,4,58.0003,-55.62555,47.70842,3,60.32612,38.19745,-135.5633,5,55.68829,-68.90398,41.38432
1,56.29321,17.52679,-133.4408,2,54.56171,-75.3155,-74.07688,4,58.0003,-55.62555,47.70842,3,60.32612,38.19745,-135.5633,5,55.68829,-68.90398,41.38432
1,56.29321,17.52679,-133.4408,2,54.56171,-75.3155,-74.07688,4,58.0003,-55.62555,47.70842,3,55.74226,43.21502,169.9854,5,55.68829,-68.90398,41.38432
1,56.29321,17.52679,-133.4408,2,54.56171,-75.3155,-74.07688,4,60.26878,-30.57114,-135.1804,3,55.74226,43.21502,169.9854,5,55.68829,-68.90398,41.38432
1,56.29321,17.52679,-133.4408,2,54.56171,-75.3155,-74.07688,4,60.26878,-30.57114,-135.1804,3,55.74226,43.21502,169.9854,5,59.13426,22.42915,21.83211
1,55.90942,-10.57705,-1.32087,2,54.56171,-75.3155,-74.07688,4,60.26878,-30.57114,-135.1804,3,55.74226,43.21502,169.9854,5,59.13426,22.42915,21.83211
1,55.90942,-10.57705,-1.32087,2,56.14305,-29.11312,88.69599,4,60.26878,-30.57114,-135.1804,3,60.1272,68.15414,-69.50806,5,59.13426,22.42915,21.83211
1,55.90942,-10.57705,-1.32087,2,56.14305,-29.11312,88.69599,4,60.33016,79.15183,-58.84235,3,60.1272,68.15414,-69.50806,5,58.82412,-49.85849,-37.61297
1,57.50893,42.03099,113.7873,2,56.14305,-29.11312,88.69599,4,60.33016,79.15183,-58.84235,3,60.1272,68.15414,-69.50806,5,58.82412,-49.85849,-37.61297
1,57.50893,42.03099,113.7873,2,55.81618,-5.952375,-106.5235,4,60.33016,79.15183,-58.84235,3,60.1272,68.15414,-69.50806,5,58.82412,-49.85849,-37.61297
1,57.50893,42.03099,113.7873,2,55.81618,-5.952375,-106.5235,4,60.33016,79.15183,-58.84235,3,55.02657,52.78945,-168.2088,5,58.82412,-49.85849,-37.61297
1,57.50893,42.03099,113.7873,2,55.81618,-5.952375,-106.5235,4,54.76556,4.354333,63.10745,3,55.02657,52.78945,-168.2088,5,58.82412,-49.85849,-37.61297
1,55.81098,-66.47523,-168.6721,2,55.81618,-5.952375,-106.5235,4,54.76556,4.354333,63.10745,3,55.02657,52.78945,-168.2088,5,59.84381,-1.150289,-94.21928
1,55.81098,-66.47523,-168.6721,2,57.20083,35.86085,-48.91743,4,54.76556,4.354333,63.10745,3,55.02657,52.78945,-168.2088,5,59.84381,-1.150289,-94.21928
1,55.81098,-66.47523,-168.6721,2,57.20083,35.86085,-48.91743,4,54.76556,4.354333,63.10745,3,55.888,65.70785,109.0047,5,59.84381,-1.150289,-94.21928
1,55.81098,-66.47523,-168.6721,2,57.20083,35.86085,-48.91743,4,54.70841,23.71618,-176.1034,3,55.888,65.70785,109.0047,5,59.84381,-1.150289,-94.21928
1,55.81098,-66.47523,-168.6721,2,57.20083,35.86085,-48.91743,4,54.70841,23.71618,-176.1034,3,55.888,65.70785,109.0047,5,58.83147,-21.75096,-30.89444
1,56.20204,59.8643,-106.833,2,57.20083,35.86085,-48.91743,4,54.70841,23.71618,-176.1034,3,55.888,65.70785,109.0047,5,58.83147,-21.75096,-30.89444
1,56.20204,59.8643,-106.833,2,56.57257,-22.52091,6.913342,4,54.1931,14.58245,-22.98437,3,59.86091,74.88162,-159.4886,5,58.83147,-21.75096,-30.89444
1,56.20204,59.8643,-106.833,2,56.57257,-22.52091,6.913342,4,54.1931,14.58245,-22.98437,3,59.86091,74.88162,-159.4886,5,58.24302,-58.40624,-0.9931954
1,56.14213,-13.30799,21.41764,2,56.57257,-22.52091,6.913342,4,54.1931,14.58245,-22.98437,3,59.86091,74.88162,-159.4886,5,58.24302,-58.40624,-0.9931954
1,56.14213,-13.30799,21.41764,2,56.63535,36.63125,45.99136,4,54.1931,14.58245,-22.98437,3,59.86091,74.88162,-159.4886,5,58.24302,-58.40624,-0.9931954
1,56.14213,-13.30799,21.41764,2,56.63535,36.63125,45.99136,4,54.1931,14.58245,-22.98437,3,55.12217,35.46522,161.6271,5,58.24302,-58.40624,-0.9931954
1,56.14213,-13.30799,21.41764,2,56.63535,36.63125,45.99136,4,55.80803,-63.31314,-53.77799,3,55.12217,35.46522,161.6271,5,58.24302,-58.40624,-0.9931954
1,56.65721,32.77762,101.7477,2,56.63535,36.63125,45.99136,4,55.80803,-63.31314,-53.77799,3,55.12217,35.46522,161.6271,5,59.34692,-68.51338,63.41423
1,56.65721,32.77762,101.7477,2,55.05086,-73.68449,-127.9984,4,55.80803,-63.31314,-53.77799,3,55.12217,35.46522,161.6271,5,59.34692,-68.51338,63.41423
1,56.65721,32.77762,101.7477,2,55.05086,-73.68449,-127.9984,4,55.80803,-63.31314,-53.77799,3,57.17912,55.85344,144.1932,5,59.34692,-68.51338,63.41423
1,56.65721,32.77762,101.7477,2,55.05086,-73.68449,-127.9984,4,59.87843,2.579906,-71.0706,3,57.17912,55.85344,144.1932,5,55.41387,-69.046,-26.67173
1,55.12708,-42.92309,-81.78391,2,55.05086,-73.68449,-127.9984,4,59.87843,2.579906,-71.0706,3,57.17912,55.85344,144.1932,5,55.41387,-69.046,-26.67173
1,55.12708,-42.92309,-81.78391,2,55.7756,10.33062,124.0506,4,59.87843,2.579906,-71.0706,3,60.37435,47.38465,-133.7947,5,55.41387,-69.046,-26.67173
1,55.12708,-42.92309,-81.78391,2,55.7756,10.33062,124.0506,4,54.65863,-2.289716,86.69939,3,60.37435,47.38465,-133.7947,5,55.41387,-69.046,-26.67173
1,55.12708,-42.92309,-81.78391,2,55.7756,10.33062,124.0506,4,54.65863,-2.289716,86.69939,3,60.37435,47.38465,-133.7947,5,57.69964,-22.41961,-42.87484
1,56.7518,15.4672,9.401435,2,55.7756,10.33062,124.0506,4,54.65863,-2.289716,86.69939,3,60.37435,47.38465,-133.7947,5,57.69964,-22.41961,-42.87484
1,56.7518,15.4672,9.401435,2,57.3214,27.62061,-1.850971,4,54.65863,-2.289716,86.69939,3,60.37435,47.38465,-133.7947,5,57.69964,-22.41961,-42.87484
1,56.7518,15.4672,9.401435,2,57.3214,27.62061,-1.850971,4,54.65863,-2.289716,86.69939,3,55.96019,42.5034,-164.7054,5,57.69964,-22.41961,-42.87484
1,56.7518,15.4672,9.401435,2,57.3214,27.62061,-1.850971,4,60.37845,-13.23722,-140.2276,3,55.96019,42.5034,-164.7054,5,57.69964,-22.41961,-42.87484
1,56.41475,-61.96714,125.7913,2,57.2512,-49.49328,59.6689,4,60.37845,-13.23722,-140.2276,3,55.96019,42.5034,-164.7054,5,58.5258,-48.92677,-17.62554
1,56.41475,-61.96714,125.7913,2,57.2512,-49.49328,59.6689,4,60.37845,-13.23722,-140.2276,3,55.85843,84.30184,66.36474,5,58.5258,-48.92677,-17.62554
1,56.41475,-61.96714,125.7913,2,57.2512,-49.49328,59.6689,4,54.40248,25.52421,-14.38709,3,55.85843,84.30184,66.36474,5,58.5258,-48.92677,-17.62554
1,56.41475,-61.96714,125.7913,2,57.2512,-49.49328,59.6689,4,54.40248,25.52421,-14.38709,3,55.85843,84.30184,66.36474,5,59.19114,-39.56636,-41.77848
1,56.38518,19.34466,-94.74506,2,57.2512,-49.49328,59.6689,4,54.40248,25.52421,-14.38709,3,55.85843,84.30184,66.36474,5,59.19114,-39.56636,-41.77848
1,56.38518,19.34466,-94.74506,2,56.74662,38.60839,90.64101,4,54.40248,25.52421,-14.38709,3,54.76704,74.86217,-120.4675,5,59.19114,-39.56636,-41.77848
1,56.38518,19.34466,-94.74506,2,56.74662,38.60839,90.64101,4,55.16772,-14.41684,105.4925,3,54.76704,74.86217,-120.4675,5,59.19114,-39.56636,-41.77848
1,56.38518,19.34466,-94.74506,2,56.74662,38.60839,90.64101,4,55.16772,-14.41684,105.4925,3,54.76704,74.86217,-120.4675,5,59.70018,-60.05294,17.03509
1,56.62492,-34.50407,51.3829,2,56.74662,38.60839,90.64101,4,55.16772,-14.41684,105.4925,3,54.76704,74.86217,-120.4675,5,59.70018,-60.05294,17.03509
1,56.62492,-34.50407,51.3829,2,58.24326,11.29524,50.52068,4,55.16772,-14.41684,105.4925,3,54.76704,74.86217,-120.4675,5,59.70018,-60.05294,17.03509
1,56.62492,-34.50407,51.3829,2,58.24326,11.29524,50.52068,4,56.52309,-2.470757,51.53231,3,55.17282,35.62798,146.3402,5,59.70018,-60.05294,17.03509
1,57.0323,25.40369,-178.2563,2,58.24326,11.29524,50.52068,4,56.52309,-2.470757,51.53231,3,55.17282,35.62798,146.3402,5,55.32964,-71.94107,-15.46035
1,57.0323,25.40369,-178.2563,2,57.41496,-50.71193,35.77219,4,56.52309,-2.470757,51.53231,3,55.17282,35.62798,146.3402,5,55.32964,-71.94107,-15.46035
1,57.0323,25.40369,-178.2563,2,57.41496,-50.71193,35.77219,4,56.52309,-2.470757,51.53231,3,57.91063,80.42564,160.0954,5,55.32964,-71.94107,-15.46035
1,57.0323,25.40369,-178.2563,2,57.41496,-50.71193,35.77219,4,54.80812,-9.981797,83.6707,3,57.91063,80.42564,160.0954,5,55.32964,-71.94107,-15.46035
1,57.0323,25.40369,-178.2563,2,57.41496,-50.71193,35.77219,4,54.80812,-9.981797,83.6707,3,57.91063,80.42564,160.0954,5,55.80247,-69.58804,52.63134
1,55.43665,-25.74685,-51.68349,2,57.41496,-50.71193,35.77219,4,54.80812,-9.981797,83.6707,3,57.91063,80.42564,160.0954,5,55.80247,-69.58804,52.63134
1,55.43665,-25.74685,-51.68349,2,55.29763,-73.97969,160.1768,4,54.80812,-9.981797,83.6707,3,54.53859,41.01224,-155.9224,5,55.80247,-69.58804,52.63134
1,55.43665,-25.74685,-51.68349,2,55.29763,-73.97969,160.1768,4,54.75132,61.14752,175.5369,3,54.53859,41.01224,-155.9224,5,55.80247,-69.58804,52.63134
1,58.08319,77.63169,116.8343,2,55.29763,-73.97969,160.1768,4,54.75132,61.14752,175.5369,3,54.53859,41.01224,-155.9224,5,58.74914,-33.06462,57.49858
1,58.08319,77.63169,116.8343,2,60.02179,3.498147,-70.30966,4,54.75132,61.14752,175.5369,3,54.53859,41.01224,-155.9224,5,58.74914,-33.06462,57.49858
1,58.08319,77.63169,116.8343,2,60.02179,3.498147,-70.30966,4,54.75132,61.14752,175.5369,3,56.15824,52.71793,147.0143,5,58.74914,-33.06462,57.49858
1,58.08319,77.63169,116.8343,2,60.02179,3.498147,-70.30966,4,60.13621,-7.68722,-81.81329,3,56.15824,52.71793,147.0143,5,58.74914,-33.06462,57.49858
1,56.52122,-58.96365,118.3014,2,60.02179,3.498147,-70.30966,4,60.13621,-7.68722,-81.81329,3,56.15824,52.71793,147.0143,5,59.69355,-49.05862,13.50799
1,56.52122,-58.96365,118.3014,2,57.42133,-13.99834,-151.9414,4,60.13621,-7.68722,-81.81329,3,56.15824,52.71793,147.0143,5,59.69355,-49.05862,13.50799
1,56.52122,-58.96365,118.3014,2,57.42133,-13.99834,-151.9414,4,60.13621,-7.68722,-81.81329,3,60.00745,71.63566,-117.1632,5,59.69355,-49.05862,13.50799
1,56.52122,-58.96365,118.3014,2,57.42133,-13.99834,-151.9414,4,58.10437,56.75235,-172.836,3,60.00745,71.63566,-117.1632,5,59.69355,-49.05862,13.50799
1,56.52122,-58.96365,118.3014,2,57.42133,-13.99834,-151.9414,4,58.10437,56.75235,-172.836,3,60.00745,71.63566,-117.1632,5,57.02842,-76.26528,-91.23599
1,56.19809,24.19002,-134.1025,2,57.42133,-13.99834,-151.9414,4,58.10437,56.75235,-172.836,3,60.00745,71.63566,-117.1632,5,57.02842,-76.26528,-91.23599
1,56.19809,24.19002,-134.1025,2,56.24485,-44.34456,-126.7233,4,54.82265,-7.935686,82.77236,3,55.28766,45.10881,-162.1023,5,57.02842,-76.26528,-91.23599
1,56.19809,24.19002,-134.1025,2,56.24485,-44.34456,-126.7233,4,54.82265,-7.935686,82.77236,3,55.28766,45.10881,-162.1023,5,55.96797,-64.9184,-5.714322
1,55.90311,-10.42703,-3.253317,2,56.24485,-44.34456,-126.7233,4,54.82265,-7.935686,82.77236,3,55.28766,45.10881,-162.1023,5,55.96797,-64.9184,-5.714322
1,55.90311,-10.42703,-3.253317,2,55.3464,-35.31396,-135.2874,4,54.82265,-7.935686,82.77236,3,55.28766,45.10881,-162.1023,5,55.96797,-64.9184,-5.714322
1,55.90311,-10.42703,-3.253317,2,55.3464,-35.31396,-135.2874,4,54.82265,-7.935686,82.77236,3,56.1785,63.29123,119.2237,5,55.96797,-64.9184,-5.714322
1,55.90311,-10.42703,-3.253317,2,55.3464,-35.31396,-135.2874,4,55.12896,77.01932,168.1089,3,56.1785,63.29123,119.2237,5,55.96797,-64.9184,-5.714322
1,56.84846,32.35063,88.60853,2,55.3464,-35.31396,-135.2874,4,55.12896,77.01932,168.1089,3,56.1785,63.29123,119.2237,5,58.58448,-38.19306,-3.415705
1,56.84846,32.35063,88.60853,2,54.37657,27.66226,36.89796,4,55.12896,77.01932,168.1089,3,56.1785,63.29123,119.2237,5,58.58448,-38.19306,-3.415705
1,56.84846,32.35063,88.60853,2,54.37657,27.66226,36.89796,4,55.12896,77.01932,168.1089,3,59.8915,79.76183,-153.955,5,58.58448,-38.19306,-3.415705
1,56.84846,32.35063,88.60853,2,54.37657,27.66226,36.89796,4,60.15938,-22.07451,-109.1595,3,59.8915,79.76183,-153.955,5,58.58448,-38.19306,-3.415705
1,55.56543,-65.51678,-142.835,2,54.37657,27.66226,36.89796,4,60.15938,-22.07451,-109.1595,3,59.8915,79.76183,-153.955,5,59.49614,-57.53348,68.64077
1,55.56543,-65.51678,-142.835,2,56.6693,-79.77106,-167.1495,4,60.15938,-22.07451,-109.1595,3,55.02553,32.3625,174.6472,5,59.49614,-57.53348,68.64077
1,55.56543,-65.51678,-142.835,2,56.6693,-79.77106,-167.1495,4,59.47619,5.216872,-120.2632,3,55.02553,32.3625,174.6472,5,59.49614,-57.53348,68.64077
1,55.56543,-65.51678,-142.835,2,56.6693,-79.77106,-167.1495,4,59.47619,5.216872,-120.2632,3,55.02553,32.3625,174.6472,5,60.39497,-44.32238,34.3601
1,55.63242,23.29804,-87.70422,2,56.6693,-79.77106,-167.1495,4,59.47619,5.216872,-120.2632,3,55.02553,32.3625,174.6472,5,60.39497,-44.32238,34.3601
1,55.63242,23.29804,-87.70422,2,59.41732,-74.1414,-31.87296,4,59.47619,5.216872,-120.2632,3,55.02553,32.3625,174.6472,5,60.39497,-44.32238,34.3601
1,55.63242,23.29804,-87.70422,2,59.41732,-74.1414,-31.87296,4,59.47619,5.216872,-120.2632,3,57.0955,51.47764,153.9278,5,60.39497,-44.32238,34.3601
1,55.63242,23.29804,-87.70422,2,59.41732,-74.1414,-31.87296,4,54.79787,3.384528,63.64589,3,57.0955,51.47764,153.9278,5,60.39497,-44.32238,34.3601
1,56.40265,-24.40117,50.50124,2,59.41732,-74.1414,-31.87296,4,54.79787,3.384528,63.64589,3,57.0955,51.47764,153.9278,5,57.21201,-11.93948,-34.62955
1,56.40265,-24.40117,50.50124,2,56.55525,56.81689,81.90256,4,54.79787,3.384528,63.64589,3,60.2155,55.27403,-120.4861,5,57.21201,-11.93948,-34.62955
1,56.40265,-24.40117,50.50124,2,56.55525,56.81689,81.90256,4,54.56281,-10.18552,-172.1029,3,60.2155,55.27403,-120.4861,5,57.21201,-11.93948,-34.62955
1,56.40265,-24.40117,50.50124,2,56.55525,56.81689,81.90256,4,54.56281,-10.18552,-172.1029,3,60.2155,55.27403,-120.4861,5,58.57771,-46.76846,-20.49924
1,56.6716,-3.739525,174.2531,2,56.55525,56.81689,81.90256,4,54.56281,-10.18552,-172.1029,3,60.2155,55.27403,-120.4861,5,58.57771,-46.76846,-20.49924
1,56.6716,-3.739525,174.2531,2,58.22958,-55.64132,82.5173,4,54.56281,-10.18552,-172.1029,3,55.85699,45.62977,-151.9598,5,58.57771,-46.76846,-20.49924
1,56.6716,-3.739525,174.2531,2,58.22958,-55.64132,82.5173,4,60.14582,5.870564,-77.39467,3,55.85699,45.62977,-151.9598,5,58.57771,-46.76846,-20.49924
1,56.6716,-3.739525,174.2531,2,58.22958,-55.64132,82.5173,4,60.14582,5.870564,-77.39467,3,55.85699,45.62977,-151.9598,5,58.26689,-45.70639,89.07791
1,55.53816,-22.83404,-40.61671,2,58.22958,-55.64132,82.5173,4,60.14582,5.870564,-77.39467,3,55.85699,45.62977,-151.9598,5,58.26689,-45.70639,89.07791
1,55.53816,-22.83404,-40.61671,2,57.75868,32.98555,60.85242,4,60.14582,5.870564,-77.39467,3,55.85699,45.62977,-151.9598,5,58.26689,-45.70639,89.07791
1,55.53816,-22.83404,-40.61671,2,57.75868,32.98555,60.85242,4,60.14582,5.870564,-77.39467,3,55.79885,58.00937,113.1701,5,58.26689,-45.70639,89.07791
1,55.53816,-22.83404,-40.61671,2,57.75868,32.98555,60.85242,4,54.24044,11.56593,-12.11168,3,55.79885,58.00937,113.1701,5,58.26689,-45.70639,89.07791
1,57.88878,60.13069,107.3687,2,57.75868,32.98555,60.85242,4,54.24044,11.56593,-12.11168,3,55.79885,58.00937,113.1701,5,60.37909,-60.27455,46.86432
1,57.88878,60.13069,107.3687,2,57.6453,-64.22527,98.80691,4,54.24044,11.56593,-12.11168,3,60.07267,70.96565,-135.8637,5,60.37909,-60.27455,46.86432
1,57.88878,60.13069,107.3687,2,57.6453,-64.22527,98.80691,4,54.26818,24.40936,23.1246,3,60.07267,70.96565,-135.8637,5,60.37909,-60.27455,46.86432
1,57.88878,60.13069,107.3687,2,57.6453,-64.22527,98.80691,4,54.26818,24.40936,23.1246,3,60.07267,70.96565,-135.8637,5,56.51912,-30.22125,-46.83738
1,56.31154,-68.04508,154.5722,2,57.6453,-64.22527,98.80691,4,54.26818,24.40936,23.1246,3,60.07267,70.96565,-135.8637,5,56.51912,-30.22125,-46.83738
1,56.31154,-68.04508,154.5722,2,54.43151,-53.73645,-155.6844,4,54.26818,24.40936,23.1246,3,54.96415,33.03818,170.4812,5,56.51912,-30.22125,-46.83738
